"year","month","temp.max","temp.min","temp.media","chloa.max","chloa.min","chloa.media","poc.max","poc.min","poc.media","tmin.sard","tmax.sard","tmean.sard","tsd.sard","tmin.eez","tmax.eez","tmean.eez","tsd.eez"
2002,"Aug",28.19999886,24.59499931,26.92737442,17.71714592,0.381916016,3.14747332,NA,NA,NA,24.5949994502589,31.2599993012846,27.0391646570104,0.589670448220046,24.514999452047,34.4499992299825,28.3012022085926,0.696791629052661
2002,"Sep",31.2349987,26.81999969,28.14123399,17.90826035,0.257015884,1.893153998,505.5999146,75.59990692,205.0113361,26.8199994005263,31.5249992953613,28.1386493710522,0.609815370047659,26.3349994113669,35.0249992171302,29.028891081759,0.663626322684037
2002,"Oct",29.20999908,26.28499985,27.53135739,15.87665462,0.34057501,2.374665567,924.7999268,83.79990387,262.423852,26.2849994124845,31.1799993030727,27.6177274092297,0.483451789806293,26.2849994124845,34.9799992181361,28.7285090281677,0.57531638470517
2002,"Nov",27.91499901,25.41499901,26.3090426,22.05426979,0.351492703,4.617539235,998.3999023,84.1999054,428.6575114,25.4149994319305,29.1099993493408,26.3909994101152,0.439036250720166,25.1049994388595,38.8199991323054,28.0741698771764,0.637281402910398
2002,"Dec",26.05500031,23.3599987,24.66894351,38.33135223,1.028310418,6.31767989,991.7999268,165.9999084,523.7853657,23.3549994779751,28.7849993566051,24.9842385719935,0.648899490436717,23.3549994779751,38.0999991483986,27.1657633476154,0.717600836011328
2003,"Jan",26.00499916,23.53999901,24.43432046,15.00681591,1.276562452,4.427790608,980.5999146,219.3999023,547.2441999,23.3049994790927,29.3949993429706,24.7915436862665,0.73280452962072,23.3049994790927,37.8499991539866,26.7354209408186,0.719347003171668
2003,"Feb",26.01499939,22.67499924,24.19204341,24.14460564,1.229088902,4.908744273,918.3999023,194.1999054,438.6015645,22.6749994931743,29.5799993388355,24.3762515702075,0.659928812221343,22.6749994931743,38.9249991299585,26.4166179027199,0.711124204541181
2003,"Mar",25.71999931,22.3599987,23.96090853,9.187756538,0.612228096,3.489279191,936.5999146,115.1999054,368.5916344,22.3599995002151,30.5049993181601,24.3438855102935,0.893518183064138,22.2499995026737,38.7399991340935,26.4915528607423,0.837843787516621
2003,"Apr",28.61999893,23.14999962,25.08947326,15.61108303,0.297693104,1.887156927,421.3999023,82.99990845,196.8324657,23.1499994825572,28.6199993602931,25.203639712042,0.764725452937812,22.8499994892627,34.6399992257357,27.0348750952184,0.67931537169454
2003,"May",28.30999947,22.92499924,24.60804978,53.42400742,0.689891636,5.135690315,967.5999146,124.5999069,374.587409,22.9249994875863,31.0899993050843,24.7552439660701,0.67357222312077,22.9249994875863,39.2099991235882,27.0642944421343,0.808800323556366
2003,"Jun",26.78499985,23.47500038,24.71153548,9.964529991,0.539708197,3.258654203,738.999939,106.1999054,251.0647731,23.4749994752929,30.0899993274361,24.9331052447494,0.637750837937174,23.1899994816631,36.3849991867319,27.2342862036191,0.811720272691741
2003,"Jul",26.9849987,24.76000023,25.8918007,32.60381699,0.426604897,3.844429864,956.7999268,96.1999054,289.7034802,24.7599994465709,31.1399993039668,26.0950497523006,0.54150310673646,24.1499994602054,39.2199991233647,27.3964079804076,0.800100969472827
2003,"Aug",29.08499908,25.36499977,27.14368684,20.58970261,0.30329144,3.683835543,952.5999146,75.79990387,352.9376868,25.3649994330481,32.7949992669746,27.2822114102284,0.701331009932075,25.3649994330481,34.2099992353469,28.5008381488175,0.799774784974094
2003,"Sep",31.28499985,26.77999878,28.47904259,7.102730274,0.231958449,1.311856659,980.7999268,66.79990387,217.216084,26.7799994014204,31.8349992884323,28.5588531822579,0.556028002428013,26.6849994035438,35.434999207966,29.1369169128516,0.684751134685225
2003,"Oct",34.80500031,27.82999992,28.92671715,4.071840763,0.225354537,1.11479918,519.5999146,58.39990616,205.3864843,27.829999377951,34.8049992220476,29.0664384950513,0.541060581839496,27.4099993873388,36.5499991830438,29.5872610707922,0.442285775854719
2003,"Nov",29.43999863,26.87999916,28.27160428,8.186084747,0.143308893,1.441291261,991.7999268,44.99990463,227.4144765,26.8799993991852,30.9149993089959,28.3608993660845,0.56459590860029,26.2499994132668,35.474999207072,28.9696443933046,0.490856128714917
2003,"Dec",28.90499878,25.44999886,26.7835577,7.844046116,0.431944907,2.39939071,986.5999146,103.39991,331.2209623,25.4499994311482,29.3849993431941,26.8198582045162,0.478783220722271,25.4499994311482,34.1199992373586,27.9566541439342,0.488617151237074
2004,"Jan",27.45499992,24.96999931,25.60063574,8.950962067,0.491335809,2.356352286,766.1998901,101.5999069,320.6687396,24.9349994426593,28.4749993635342,25.8323660892683,0.387793908802004,24.3799994550645,33.4899992514402,27.1222196558679,0.554025109262556
2004,"Feb",25.92000008,24.02999878,24.99291081,51.6373024,0.477995634,5.141171086,990.3999023,138.7999115,457.5778427,24.0299994628876,29.6099993381649,25.2684707189894,0.546889811886072,23.5499994736165,38.6699991356581,26.7790030510068,0.647963334161315
2004,"Mar",26.04500008,22.36499977,24.75282969,11.0966835,0.681511879,3.371229869,887.7999268,128.9999084,351.344195,22.3649995001033,30.6549993148074,25.0401168899742,0.675901116067895,22.3649995001033,39.2749991221353,26.8091674784625,0.737153032007697
2004,"Apr",27.65999985,23.91499901,25.50403062,18.58117294,0.627486527,3.384164965,991.3999023,121.9999084,314.7912758,23.829999467358,32.1649992810562,25.6076936843802,0.723620121973033,22.7549994913861,35.454999207519,27.5282504992244,0.75657173643824
2004,"May",28.78999901,24.29500008,26.18512925,80.7272644,0.237127408,8.386119495,848.3999023,67.1999054,273.0441384,24.2949994569644,30.6049993159249,26.3089960105876,0.627608827999024,23.7849994683638,38.5449991384521,27.5958990099187,0.72971173071341
2004,"Jun",29.24499893,23.92499924,25.58237286,83.11303711,0.287593275,8.564226233,918.3999023,81.79990387,324.6816289,23.9249994652346,29.8749993322417,25.7540229933763,0.644646356707423,23.1099994834512,39.8049991102889,27.3546880531713,0.713656495631736
2004,"Jul",28.75,25.05500031,26.11889512,21.3695488,0.41689375,3.321361501,973.999939,96.79990387,345.0550275,23.9449994647875,31.3049993002787,26.4598332956198,0.758275495465047,23.8699994664639,39.3649991201237,27.7969177365436,0.764168474209439
2004,"Aug",30.78499985,25.09000015,26.9111722,14.95939922,0.271369189,2.215360323,779.1998901,74.99990845,259.6790129,25.0899994391948,31.0599993057549,27.0534993953072,0.69925644614476,24.8499994445592,39.8049991102889,28.358042810754,0.875405368225195
2004,"Sep",32.23500061,27.43000031,28.97641036,43.47064209,0.209279284,1.75747503,670.7999268,65.39990234,205.0416343,27.4299993868917,32.2349992794916,29.1125282749041,0.600665085304929,26.0549994176254,34.459999229759,29.2107418073835,0.616194911687674
2004,"Oct",30.42000008,27.96999931,28.95803615,6.730099201,0.25527668,1.526450717,664.5999146,71.59990692,225.8863941,27.0149993961677,31.994999284856,29.0092613748097,0.42893050891399,27.0149993961677,35.0899992156774,29.7506360503711,0.477112495026143
2004,"Nov",30.15999985,26.99499893,28.17140183,10.20225239,0.395581067,1.838228596,556.999939,89.1999054,246.2280956,26.7749994015321,30.1599993258715,28.2098669191292,0.435920490190994,25.7249994250014,33.9199992418289,28.4313278659908,0.591613609442584
2004,"Dec",28.19999886,25.59000015,26.47639694,10.81865978,0.60336405,2.502226727,769.5999146,119.39991,339.2836938,25.4299994315952,29.9599993303418,26.8216992346508,0.501010981096139,24.4799994528294,34.4749992294237,27.7169467631477,0.666709245527291
2005,"Jan",27.7349987,24.51999855,25.79583789,9.244885445,0.329217643,3.061561211,920.7999268,113.5999069,329.7323596,24.514999452047,29.6449993373826,26.0164952862546,0.496839372311388,23.8849994661286,35.2699992116541,27.0569949209128,0.616843576119755
2005,"Feb",28.95499992,25.05999947,26.3216457,5.852030754,0.273303658,1.449592553,715.7999268,73.1999054,221.0710492,25.0599994398654,30.41999932006,26.4699162136757,0.445067580125127,24.3249994562939,39.0549991270527,26.9347998325995,0.725302371804558
2005,"Mar",31.97999954,24.22500038,25.69471641,13.06921005,0.804213762,3.003134765,946.3999023,154.3999023,307.1862103,23.5899994727224,32.6949992692098,25.8599741694593,0.725979202255819,23.5899994727224,39.7799991108477,27.2734738711659,0.716884895554233
2005,"Apr",27.27999878,22.97500038,25.30557273,9.690368652,0.487844229,2.458532374,714.1998901,100.7999039,231.3201881,22.9749994864687,32.3549992768094,25.5613699870345,0.810192927991636,22.6199994944036,34.7799992226064,27.6530166031562,0.87716470664354
2005,"May",29.92499924,26.5,28.23575881,8.924178123,0.276860148,1.398372822,823.3999023,75.59990692,193.981336,26.4999994076788,31.3299992997199,28.3082262580181,0.60687467933209,26.4999994076788,35.2799992114305,29.1614105961998,0.608562747443466
2005,"Jun",30.32999992,25.95499992,28.178136,7.229764938,0.219260737,1.326640084,564.3999023,63.99990463,181.808603,25.9549994198605,31.2349993018433,28.1109993716702,0.668890883230935,25.9499994199723,35.5249992059544,28.8359625230535,0.688419904342142
2005,"Jul",30.05999947,26.38999939,27.44192009,30.96026421,0.219311997,2.327184727,956.3999023,58.79990387,232.4519399,26.3899994101375,30.399999320507,27.5793388484367,0.457568968543126,25.3699994329363,34.8049992220476,28.5475245645031,0.700475350377845
2005,"Aug",31.39499855,26.76000023,28.27445058,14.58411503,0.459705979,2.269752079,848.1998901,101.9999084,244.1841937,26.7599994018674,31.8199992887676,28.5080858852572,0.672844319980562,26.0849994169548,35.5349992057309,29.3446935357697,0.704032896088214
2005,"Sep",31.54999924,26.42499924,28.12333265,25.77193069,0.316740692,2.378968289,875.5999146,79.39990234,220.4270499,26.4249994093552,32.4849992739037,28.316128129627,0.693487472700422,26.2899994123727,38.0599991492927,29.6763993366808,0.687198547390081
2005,"Oct",31.63999939,28.48999977,29.67033469,4.963184834,0.207045466,1.086606834,550.5999146,57.39990616,178.9832414,28.4899993631989,34.2299992348999,29.763780429255,0.515321516832749,28.1049993718043,35.5549992052838,29.7830455483103,0.53554941702106
2005,"Nov",30.68999863,27.32499886,28.14407347,5.153336525,0.345392674,1.244488296,484.3999023,87.59990692,201.6629951,27.3249993892387,30.689999314025,28.1251249994952,0.321446663944017,26.9299993980676,36.1849991912022,28.5768955257516,0.425626402897166
2005,"Dec",28.44499969,25.62999916,26.70107296,28.99315834,0.393415481,2.446157642,766.999939,107.5999069,305.7853391,25.6299994271249,29.5099993404001,26.8399493166079,0.456500874447148,24.1549994600937,33.9499992411584,27.6345617734976,0.500552241498231
2006,"Jan",26.26000023,23.92000008,25.15610701,34.0282135,0.75776583,4.711160291,951.999939,139.3999023,353.7356767,23.8699994664639,29.3699993435293,25.4047621440237,0.576602304332386,23.8149994676933,37.5049991616979,26.8679525681404,0.639817557935136
2006,"Feb",25.37999916,23.25,24.43164496,20.90429115,0.65288353,4.021617012,952.7999268,115.39991,349.0592195,23.1449994826689,30.8249993110076,24.7661863151195,0.68889881540804,23.0699994843453,39.2149991234764,26.5277859660201,0.708000423925074
2006,"Mar",26.30500031,22.29500008,24.7108745,18.15721893,0.527558327,4.400111908,988.1998901,111.7999039,398.8739842,22.2949995016679,31.1199993044138,24.9768145677751,0.697640113897349,22.2949995016679,38.1049991482869,26.6580281316243,0.671327832924249
2006,"Apr",28.46500015,23.05999947,25.45585384,21.44509888,0.397960573,3.516438324,928.3999023,97.1999054,314.7211212,22.979999486357,31.6049992935732,25.6696779372363,0.737435518093783,22.979999486357,39.9499991070479,27.3610946014981,0.710477027203715
2006,"May",28.95999908,24.59499931,26.79889173,7.38999939,0.397865921,1.673059277,519.7999268,91.79990387,204.6634218,24.5949994502589,33.7699992451817,26.8614783911958,0.786327430780225,24.5949994502589,37.9149991525337,28.0547911043533,0.656021820643889
2006,"Jun",28.20499992,25.20499992,26.3714551,18.28111458,0.293942422,2.090809807,691.1998901,80.39990234,228.8999081,24.7199994474649,30.7999993115664,26.5249825152285,0.521352355509318,24.7199994474649,36.469999184832,27.9871054809538,0.690578149872188
2006,"Jul",27.83499908,25.16499901,26.33055847,18.76081085,0.433916152,3.646376118,986.999939,96.99990845,294.2602027,24.7849994460121,30.8699993100017,26.5479356482181,0.601668341522414,23.954999464564,39.4049991192296,27.8107727432747,0.806346091792165
2006,"Aug",28.5,25.43000031,27.15212439,17.37563133,0.437443793,3.468562064,901.7999268,97.39990234,307.5752708,25.4299994315952,31.6249992931262,27.4306077202115,0.707793533017884,24.8399994447827,34.459999229759,28.4237485902663,0.758249059974157
2006,"Sep",30.22999954,26.42499924,28.32346565,7.740522385,0.301763505,1.235944979,746.5999146,76.59990692,191.9274249,26.4249994093552,32.2549992790446,28.4863887143611,0.588761136617139,26.109999416396,37.049999171868,29.214785290665,0.609774962899814
2006,"Oct",30.00499916,26.66499901,27.78896815,9.759964943,0.322910905,1.656445079,757.1998901,81.59990692,213.4528493,26.6649994039908,33.6399992480874,27.8031721360257,0.603057559225587,26.6649994039908,34.604999226518,29.2890467200774,0.543827416448894
2006,"Nov",29.45999908,26.375,27.65039332,14.9190464,0.283009917,2.102294518,996.1998901,75.99990845,254.0264821,26.3749994104728,30.6699993144721,27.7814680259005,0.537711380821884,26.1599994152784,38.8099991325289,28.7277818505861,0.477062520657542
2006,"Dec",29.35499954,24.83499908,26.41272932,13.81062984,0.281590134,2.353487824,952.5999146,72.59990692,289.8634845,24.8349994448945,29.3549993438646,26.4984711685103,0.47867657244175,24.7649994464591,36.3949991865084,27.7283010206466,0.537182202491925
2007,"Jan",26.20499992,23.7349987,24.83024944,23.921175,0.976247311,4.956875186,985.999939,222.7999115,546.2618197,23.2749994797632,31.5899992939085,25.2221530255565,0.722476646596608,21.9149995101616,35.289999211207,26.7870070907406,0.777212400014258
2007,"Feb",25.81499863,22.61999893,23.94921321,83.46089172,0.711246789,6.395428054,996.5999146,134.9999084,372.781599,22.6199994944036,30.584999316372,24.3244261004888,0.784104260411545,22.0349995074794,35.2199992127717,26.6206926867804,0.794839343829924
2007,"Mar",26.07999992,22.18499947,23.85559687,18.81336784,0.868963063,5.729887132,979.5999146,151.5998993,432.4822652,22.1849995041266,30.9149993089959,24.0654716374742,0.850998617111747,22.1849995041266,34.0649992385879,26.5633179377661,0.810781798405619
2007,"Apr",27.19999886,22.85499954,24.59477784,10.40540314,0.460500807,2.625237751,905.7999268,102.7999039,250.7954967,22.8549994891509,30.6099993158132,24.792962094391,0.772234080667996,22.8549994891509,35.8749991981313,27.1444460124221,0.803482273474672
2007,"May",28.14999962,23.42000008,25.46919298,52.97440338,0.37283197,4.032140666,994.3999023,86.39990234,316.5814705,23.4199994765222,31.9849992850795,25.6771726009431,0.896617696995413,23.4199994765222,35.9999991953373,27.8180665323825,0.732689689808773
2007,"Jun",28.17499924,24.34499931,26.16820924,14.31841564,0.206698284,3.080989122,923.3999023,66.79990387,270.3966295,24.3449994558468,29.6599993370473,26.4180027652163,0.639678507893124,24.3449994558468,38.769999133423,27.8465463957517,0.685046410638694
2007,"Jul",29.37999916,24.79500008,26.23243851,14.94797993,0.296031803,2.891463464,992.3999023,79.1999054,309.2087327,23.8899994660169,31.9799992851913,26.4545890234342,0.688749976328275,22.8499994892627,37.5799991600215,27.785370596947,0.770364760766475
2007,"Aug",31.01000023,26.98999977,28.43604878,3.719170094,0.160195455,0.916205858,405.1999207,50.39990616,146.0477937,26.9899993967265,33.0949992602691,28.654949359512,0.542382428614759,25.8999994210899,37.4249991634861,28.5714577673268,0.656028123103811
2007,"Sep",30.14499855,27.22999954,28.59792616,10.79190826,0.273150504,1.532891369,885.999939,76.59990692,210.513422,27.2299993913621,33.6999992467463,28.6692933791249,0.584218145539956,27.2299993913621,35.1199992150068,29.1495112886984,0.658616466209716
2007,"Oct",30.47499847,26.77999878,28.61404262,7.500803471,0.215501532,1.589080288,543.3999023,65.99990845,210.4463856,26.7799994014204,32.8899992648512,28.7161973614707,0.66338145843123,26.7799994014204,35.869999198243,29.2040492406701,0.612794190862648
2007,"Nov",30.08499908,26.27999878,27.7163247,4.280711651,0.528964341,1.640401586,691.5999146,108.1999054,248.63302,26.2799994125962,32.7349992683157,27.8479535510358,0.479117762411215,26.2799994125962,34.9649992184713,28.461591954995,0.460551232274893
2007,"Dec",27.88999939,24.78999901,26.67437432,10.17243671,0.637313306,2.692328261,925.999939,118.7999039,342.8461678,24.7899994459003,29.8999993316829,26.7876415417178,0.41494620511011,24.7899994459003,35.7899992000312,27.6117775436592,0.478708871804221
2008,"Jan",25.79500008,24.33499908,25.12854373,13.84187984,0.846263885,3.437224786,947.5999146,169.5999146,387.1286766,24.3349994560704,29.6349993376061,25.4896077635962,0.610179539232314,23.4049994768575,37.0349991722032,26.8390190896421,0.590723810939541
2008,"Feb",26.47999954,24.16499901,24.96391663,17.60315132,0.316284418,3.057776567,925.3999023,80.79990387,300.603963,22.8749994887039,29.8149993335828,25.2415534898614,0.611617104804384,22.669999493286,38.8049991326407,26.3770625611516,0.626093635997597
2008,"Mar",25.81499863,22.41499901,24.0627383,7.281163692,0.348362565,2.601444671,753.5999146,83.59990692,268.4179723,22.4149994989857,30.5699993167073,24.5508738145729,0.983599438747898,22.3199995011091,39.1549991248176,26.21237393712,0.74601743050642
2008,"Apr",26.10499954,22.2349987,23.96735612,10.00013256,0.513578176,2.496754681,990.3999023,107.39991,254.2486483,22.234999503009,31.5099992956966,24.3338025121243,1.01615614259976,22.234999503009,39.5349991163239,26.5459852370445,0.745424000775653
2008,"May",27.83499908,23.92000008,25.36119445,10.04087925,0.787489593,3.168200955,906.1998901,152.1999054,368.0227649,23.1799994818866,29.2699993457645,25.5558341673998,0.606500612828662,23.1799994818866,36.3449991876259,27.1944267846716,0.688461508871477
2008,"Jun",28.59499931,24.30999947,25.91983716,16.49162483,0.332803011,3.274055863,936.5999146,82.79990387,276.3175561,24.3099994566292,30.709999313578,26.1597868302492,0.655479377943611,24.3099994566292,33.6649992475286,27.4380098023654,0.718433492252754
2008,"Jul",29.52999878,24.81499863,26.26453351,12.65880489,0.375872165,2.5246438,974.3999023,89.79990387,272.8385762,24.8149994453415,31.8249992886558,26.5205428854805,0.701091617431259,24.5349994516,33.8949992423877,27.7742826983156,0.756431001123034
2008,"Aug",30.70499992,25.97999954,28.38784753,16.10205078,0.199467659,1.509539446,503.9999084,57.1999054,171.0098359,25.9799994193017,31.2949993005022,28.434815417944,0.552019547322363,24.3299994561821,37.0349991722032,28.7460819763521,0.657969251301094
2008,"Sep",30.8049984,28.44999886,29.7173596,3.994029284,0.173284277,0.827720299,396.5999146,50.79990387,140.737495,28.4499993640929,33.5549992499873,29.8173282149999,0.450686527184218,28.2799993678927,36.5499991830438,29.5905188681123,0.56351733207211
2008,"Oct",30.36999893,27.41499901,28.73293144,7.832848072,0.201199085,1.530419679,570.999939,52.39990616,185.6440449,27.414999387227,32.4599992744625,28.7488652514525,0.592609456509791,26.8899993989617,36.0499991942197,29.0787284062639,0.631969548394648
2008,"Nov",31.00499916,27.18499947,28.37888826,4.684481144,0.247362882,1.27155427,527.3999023,67.79990387,194.7617494,26.6299994047731,31.8849992873147,28.4692815418798,0.496386123505918,26.1849994147196,34.6249992260709,28.9489543648252,0.546679325763057
2008,"Dec",28.02499962,25.57999992,26.41261986,8.697825432,0.351355731,2.338484327,841.3999023,87.1999054,286.9405555,25.5799994282424,29.5299993399531,26.5812453075022,0.380369816537023,24.7399994470179,33.9099992420524,27.2905170117942,0.504432768771009
2009,"Jan",26.22999954,24.34499931,25.28364151,11.52728748,0.508009911,2.836555537,872.7999268,108.5999069,341.6833522,24.3449994558468,30.4099993202835,25.5153648781921,0.479238621453187,23.5149994743988,36.1099991928786,26.6498877461267,0.63951618291122
2009,"Feb",26.21999931,23.34499931,24.61378074,31.67766762,0.756193817,3.280426304,932.3999023,143.1999054,286.6839663,23.3449994781986,29.6549993371591,24.9497557448505,0.596749726468626,22.5149994967505,35.2649992117658,26.405376814107,0.728799885273601
2009,"Mar",25.6099987,23.69499969,24.59840713,20.47971916,0.632642031,3.642049846,666.7999268,121.39991,276.3294866,23.6949994703755,26.399999409914,24.9403984238629,0.646440371182697,22.9099994879216,34.8149992218241,26.3195182320088,0.778097336483676
2009,"Apr",26.01999855,23.26999855,24.53386017,19.95785332,0.688120961,4.982923357,861.5999146,135.1999054,319.3055427,23.269999479875,31.5499992948025,24.8730264254948,0.788056565585902,23.2199994809926,39.599999114871,26.7923126307171,0.820356537210168
2009,"May",27.71999931,23.03999901,24.79179431,27.81443214,0.679127276,6.224203783,988.7999268,124.39991,460.6191116,23.0399994850159,30.5949993161485,24.8428735943784,0.804558377917319,23.0399994850159,39.1149991257116,27.3071302373068,0.855038570879447
2009,"Jun",27.97999954,23.22999954,25.33804426,16.42419052,0.289416671,3.981539222,972.1998901,75.99990845,319.6991673,23.229999480769,30.2899993229657,25.505202132617,0.79580744567915,23.229999480769,39.7549991114065,27.5600553091326,0.82215374015958
2009,"Jul",30.39999962,25.24499893,26.28962909,14.60614586,0.268444061,2.351173178,945.1998901,73.79990387,268.3639716,25.1249994384125,31.0449993060902,26.4024325202275,0.579525271930469,25.0699994396418,39.7699991110712,27.7651287649408,0.793872297850554
2009,"Aug",28.36999893,25.53999901,26.77835346,14.65528393,0.380947649,2.505185717,784.3999023,88.79990387,247.1462847,24.9749994417652,31.2549993013963,27.0410648318267,0.569463170206591,24.9749994417652,39.9799991063774,28.3488410681851,0.786377206510422
2009,"Sep",28.81499863,25.70499992,27.392018,28.45994377,0.345584691,2.618873738,995.999939,85.39990234,218.4539221,25.7049994254485,33.5049992511049,27.5770493836049,0.775723166705702,25.5249994294718,39.7999991104007,29.0006253079056,0.726693298524224
2009,"Oct",28.8599987,25.84999847,26.70162508,29.06856537,0.347819328,3.342063636,958.5999146,87.79990387,313.1660856,25.6299994271249,31.5499992948025,26.8753422086538,0.544629554317078,25.6299994271249,33.7599992454052,28.9019822612983,0.64279444817923
2009,"Nov",30.73999977,26.57999992,27.49276007,25.01993752,0.306378663,2.275902284,939.3999023,78.1999054,287.338684,26.5799994058907,31.3999992981553,27.5669045419015,0.546876487535158,26.5799994058907,36.8249991768971,28.6580960393936,0.492287975076667
2009,"Dec",26.92499924,24.76999855,25.7990678,24.9661274,0.609999001,4.183904284,999.3999023,121.7999039,445.2756679,24.4249994540587,28.7349993577227,25.9706067406431,0.430794127842965,24.0799994617701,39.8249991098419,27.6789391389642,0.632766705654933
2010,"Jan",26.63999939,23.70499992,25.15594288,25.54824257,1.191050887,5.985943504,958.7999268,244.7999115,546.9713406,23.704999470152,29.5449993396178,25.4941017791557,0.655673921471133,23.4049994768575,32.6249992707744,27.1414406679236,0.689054992647376
2010,"Feb",25.875,22.85499954,24.18968495,31.12623787,1.204120994,5.854635528,970.1998901,214.9999084,547.0639885,22.8549994891509,29.7799993343651,24.2891255075159,0.706677604124411,21.5049995193258,39.0949991261587,26.8062087836082,0.881618927768033
2010,"Mar",27.84000015,24.27999878,26.00587991,9.290302277,0.28540808,1.853977464,925.999939,79.39990234,289.0452996,24.2799994572997,31.4249992975965,26.1660582386724,0.709239847241255,24.2799994572997,39.3049991214648,27.3731501770269,0.662761117116452
2010,"Apr",28.76000023,24.47999954,26.89639544,6.511106014,0.354489475,1.497854218,559.999939,88.99990845,205.0230658,24.4799994528294,32.0749992830679,27.2842570693302,0.755754546995824,23.3099994789809,39.5199991166592,27.8925175045019,0.777587670707735
2010,"May",28.09999847,24.49499893,26.23596814,7.472285271,0.498267323,1.929991986,757.5999146,101.9999084,253.2801903,24.4949994524941,34.0099992398173,26.4398145350745,0.657537388911712,24.4949994524941,39.0099991280586,28.5504121183611,0.695567501126524
2010,"Jun",29.88500023,24.875,27.69521947,39.46562195,0.287170261,3.117171793,864.3999023,78.1999054,246.8922163,24.8749994440004,31.3599992990494,27.8981391070677,0.661476334154805,24.8749994440004,36.5449991831556,28.914176627766,0.619100226397556
2010,"Jul",29.99499893,26.59499931,27.96428515,24.41672707,0.196310297,3.388429898,943.1998901,55.39990616,264.2371608,26.5949994055554,32.2649992788211,28.1680743703945,0.574602632215087,25.5899994280189,35.454999207519,28.8653640228699,0.668777157673925
2010,"Aug",31.90999985,27.64999962,29.05902381,7.882009029,0.262647599,1.410787742,688.5999146,65.99990845,224.2169299,27.6499993819743,33.0599992610514,29.2237784165651,0.595670832399058,27.2349993912503,35.8299991991371,29.6732525725744,0.628718954567358
2010,"Sep",31.61999893,28.33499908,29.86352688,3.583079815,0.348592967,1.241458723,458.1999207,82.79990387,201.5823401,28.3349993666634,31.6199992932379,29.7866023242508,0.457940431063604,27.6399993821979,35.9999991953373,30.0017339976233,0.56301311477726
2010,"Oct",33.84999847,28.71500015,29.60631827,5.365924835,0.276875645,1.33540073,795.7999268,74.39990234,202.9614978,28.7149993581697,33.8499992433935,29.6453404355447,0.440204497698809,27.8849993767217,35.8549991985783,29.5034785809396,0.546859664371927
2010,"Nov",30.56999969,27.12999916,29.38445054,4.9758358,0.281509876,1.314106286,628.1998901,74.99990845,209.8146727,27.1299993935972,32.2049992801622,29.3788818881921,0.508855088162906,26.1849994147196,33.3749992540106,28.7327184996175,0.605163841890506
2010,"Dec",29.43999863,26.2349987,27.3524994,47.92670822,0.562700629,3.293438856,974.5999146,122.9999084,310.9053891,26.2349994136021,32.159999281168,27.3439878756563,0.466839679831216,25.6449994267896,33.0399992614985,27.842994816569,0.51031769027336
2011,"Jan",27.71500015,24.55999947,25.73450858,23.91318703,0.658139229,4.285568771,945.5999146,123.5999069,408.9352046,24.5599994510412,29.4749993411824,25.8779927326186,0.489154631906884,23.829999467358,35.0799992159009,26.9815262873793,0.62970392601437
2011,"Feb",26,23.51000023,24.68465574,36.01070404,0.3502177,3.753877362,943.999939,91.39990234,328.7381447,23.5099994745106,29.5049993405119,24.8778156328076,0.509631706730847,23.0699994843453,37.3299991656095,26.7470848234356,0.75861770151432
2011,"Mar",26.59499931,23.96999931,24.95006274,23.68738937,0.948000848,4.55608667,939.999939,149.9999084,388.5394803,23.9699994642287,31.1349993040785,25.2960213940493,0.609854836807326,23.2549994802102,38.5449991384521,26.7406341793257,0.726550738310273
2011,"Apr",27.10499954,21.31499863,24.97982939,16.36580658,0.412258506,4.398836658,973.3999023,116.9999084,341.8423868,21.3149995235726,27.994999374263,25.1321869382518,0.711990633449986,21.3149995235726,38.3549991426989,26.9913434241065,0.786146268920678
2011,"May",29.28499985,26.3599987,27.57588541,13.61574173,0.266300142,1.633199286,912.5999146,75.39990234,201.2819583,26.2399994134903,29.8499993328005,27.9186853827947,0.646167633651732,25.3499994333833,35.039999216795,28.5234931485521,0.662209793556361
2011,"Jun",29.37999916,26.45499992,28.01714225,9.054120064,0.159470618,1.219706292,913.1998901,51.39990616,190.1704947,26.4549994086847,30.7149993134663,27.8319876329401,0.505159534050877,25.9299994204193,37.4099991638213,28.623756380777,0.68647481581551
2011,"Jul",29.76999855,25.32999992,26.86759194,17.79804993,0.22593078,2.41707009,974.7999268,81.59990692,255.6780342,25.3299994338304,30.8099993113428,27.1106649514337,0.598620600721682,24.7649994464591,38.169999146834,28.2275503203493,0.711838035756389
2011,"Aug",30.44499969,27.03999901,28.51520887,17.00642014,0.279177636,1.719472709,781.5999146,69.39990234,229.4180915,26.959999397397,31.2249993020669,28.6043507563736,0.548282921693447,25.2949994346127,35.1199992150068,28.9188614159075,0.739500029310045
2011,"Sep",32.38000107,27.94499969,29.21360181,9.509523392,0.241871461,1.252232645,745.7999268,65.39990234,208.0448056,27.9449993753806,32.9149992642924,29.2991014867944,0.498509625209421,27.5299993846565,36.9749991735443,29.7309565250228,0.633698581907294
2011,"Oct",29.24499893,27.09999847,27.96769875,3.378747225,0.20695129,0.87399513,391.3999023,53.99990463,158.2012954,27.0999993942678,32.1699992809445,28.0587307161221,0.459546123032147,27.0499993953854,34.9649992184713,29.1272538620445,0.578014173443529
2011,"Nov",31.22999954,27.26999855,28.19957514,4.120718956,0.243743733,1.106603822,494.1999207,72.39990234,174.6782287,27.269999390468,31.2299993019551,28.3518258125683,0.421306510121623,27.0999993942678,33.6249992484227,28.8053158473655,0.440046894627954
2011,"Dec",29.00499916,26.31499863,27.23441653,9.359260559,0.468898237,1.804962957,688.1998901,117.9999084,225.8728812,26.3149994118139,30.4149993201718,27.3070141922722,0.487650708194792,24.9399994425476,33.4549992522225,27.9090248253154,0.519530244123911
2012,"Jan",26.06999969,23.49499893,24.77811676,20.63425064,0.686190009,2.919251851,941.5999146,135.3999023,277.238318,23.4949994748458,28.6099993605167,25.0477883848619,0.529932286298556,21.8699995111674,36.2099991906434,26.797105046997,0.726759194517749
2012,"Feb",25.14499855,22.875,24.02644595,16.94088554,0.807550967,3.308940963,814.999939,134.5998993,290.3863026,22.8749994887039,30.3849993208423,24.503085455686,0.793217272774703,22.0849995063618,39.4599991180003,26.4330773706018,0.755110564377662
2012,"Mar",25.9849987,22.69499969,23.94567696,20.25313568,0.540125728,2.527388348,898.3999023,110.39991,224.361647,22.5999994948506,28.8799993544817,24.2031287107186,0.741775435578483,21.2499995250255,35.7499992009252,26.2386047761623,0.83459036931938
2012,"Apr",30.19499969,23.10499954,25.17262598,8.254804611,0.296094358,1.82724316,417.9999084,73.39990234,182.3832406,23.104999483563,30.1949993250892,25.5353899215995,0.747113146448983,23.104999483563,35.30999921076,27.2858152036874,0.764941375827407
2012,"May",28.75,25.29999924,26.99709307,10.97380257,0.183857977,1.396224153,632.999939,66.39990234,180.7431914,25.2999994345009,30.5199993178248,27.1211030727259,0.568072371588809,25.2249994361773,39.1999991238117,27.5688862989495,0.685916050311609
2012,"Jun",27.42499924,24.20999908,25.53484122,34.10080719,0.300989091,5.726453661,961.3999023,79.79990387,355.1571737,24.2099994588643,30.7599993124604,25.8402790834417,0.711113769933167,24.2099994588643,38.9949991283938,27.5141542667737,0.779872190507866
2012,"Jul",28.7349987,24.76499939,26.49174783,25.93440819,0.306310803,3.101784659,836.5999146,76.39990234,268.5587739,24.7649994464591,31.704999291338,26.6455954309146,0.637210539083715,23.9149994654581,39.0899991262704,27.7568490597566,0.841096622547036
2012,"Aug",29.45499992,26.21999931,27.82375714,6.066555977,0.237394646,1.045973301,380.3999023,69.39990234,152.7068515,26.2199994139373,31.8399992883205,28.0294717353015,0.557063400121431,25.0199994407594,38.4649991402403,28.3964568065329,0.816410957224471
2012,"Sep",32.14500046,27.34499931,28.5304902,4.586100578,0.19054006,1.14237041,444.5999146,60.1999054,168.9082407,26.9299993980676,32.1449992815033,28.5141136010705,0.472328210899738,26.9099993985146,39.9049991080537,29.2855671687604,0.752077559692477
2012,"Oct",31.07499886,27.88500023,29.08481301,5.307474136,0.289612681,1.356189078,614.5999146,71.99990845,193.6788551,27.6399993821979,32.9699992630631,29.1050739763166,0.580458866733961,27.2299993913621,36.8299991767853,29.4656706367918,0.534734310774689
2012,"Nov",29.26000023,26.25499916,27.87806686,5.217907906,0.245448887,1.294826835,558.7999268,71.79990387,196.5059478,26.254999413155,30.5799993164837,27.9909877464457,0.443969729640534,26.254999413155,34.2599992342293,28.9040125131128,0.469472379705162
2012,"Dec",27.75499916,25.57999992,26.55769884,15.80679607,0.467315704,2.6164064,957.7999268,100.7999039,353.141979,25.5799994282424,29.7699993345886,26.7249247757857,0.447997605148563,25.5349994292483,34.2999992333353,28.0575108480851,0.51082454840473
2013,"Jan",27.54500008,23.875,24.84130371,25.74741554,0.745894432,4.526982773,991.5999146,167.9999084,394.051964,23.374999477528,29.9949993295595,25.1786304889667,0.649547779638362,22.1799995042384,37.8199991546571,26.847556441686,0.759071896759387
2013,"Feb",25.38500023,22.52499962,24.13566819,20.40142822,0.969048142,6.871369826,993.5999146,186.9999084,546.4522948,22.524999496527,30.9099993091077,24.4551427923394,0.743524123303964,22.3549995003268,39.7599991112947,26.4961798769998,0.762737947736239
2013,"Mar",36.45999908,23.40499878,25.00805493,39.55673218,0.510206699,4.28629378,936.3999023,109.39991,373.7569339,23.4049994768575,36.4599991850555,25.0025078870963,0.938157351451927,22.8749994887039,39.1399991251528,26.8729375075563,0.743994710350152
2013,"Apr",27.62999916,22.97999954,24.87274135,21.25035095,0.385696024,4.049834661,931.7999268,93.99990845,308.6628308,22.979999486357,27.6299993824214,24.7132247035891,0.734616348680643,22.9749994864687,39.9349991073832,27.0866126876184,0.79186417338992
2013,"May",28.12999916,24.18999863,26.08623355,18.63552475,0.39324078,2.976088019,984.5999146,92.1999054,270.3199088,24.1899994593114,32.0949992826208,26.3231413035238,0.716168471858732,23.7249994697049,38.3649991424754,27.8306386468988,0.716172524595451
2013,"Jun",26.96999931,24.45999908,25.53454781,42.49369049,0.647626758,8.894759348,976.7999268,133.7999115,462.1010864,24.4399994537234,31.9399992860854,25.7690502714745,0.639843940139373,24.2199994586408,38.3549991426989,27.566590509006,0.783085039709823
2013,"Jul",29.31999969,25.03499985,26.49106655,7.224769115,0.228609204,2.165741171,758.1998901,65.1999054,275.0878517,25.0349994404241,29.9649993302301,26.8053062001914,0.633724301848691,25.0349994404241,38.8399991318583,27.9148584000667,0.704809246178824
2013,"Aug",28.68999863,25.43999863,26.99849943,24.07186508,0.315710634,2.114817084,689.1998901,82.39990234,239.1522891,25.4399994313717,31.7349992906675,27.3888687345447,0.659850311234006,25.4399994313717,38.3049991438165,28.6942224716042,0.72966173663729
2013,"Sep",30.67000008,27.64499855,29.09900553,7.846455097,0.133115292,1.403708129,846.1998901,39.39990616,184.7524992,27.6449993820861,31.5099992956966,29.0900829618261,0.570664467868076,27.0749993948266,36.9649991737679,29.465401497846,0.59540624046609
2013,"Oct",30.07499886,26.06999969,27.67909877,3.832104445,0.267679304,1.059233985,634.3999023,74.39990234,187.2278797,26.0699994172901,32.2049992801622,27.6870245912308,0.606248780570758,26.0699994172901,39.1549991248176,29.2835854201602,0.61346600363504
2013,"Nov",29.31499863,25.43000031,27.04711119,8.414128304,0.422601372,2.019355866,968.999939,96.59990692,250.6334651,25.4299994315952,30.8949993094429,27.2702410571293,0.508752087159605,25.4299994315952,34.7399992235005,28.5506319525453,0.512892686511066
2013,"Dec",26.9849987,25.02499962,25.78235964,17.18506432,0.562392712,3.16757381,934.5999146,119.5999069,319.8407266,25.0099994409829,29.569999339059,25.9163920381732,0.472286389747241,24.6549994489178,39.6999991126359,27.4563356676009,0.603834842074534
2014,"Jan",25.51999855,22.56999969,23.71906779,16.05117416,1.541988254,5.260191201,902.3999023,190.7999115,433.0889514,22.5099994968623,29.4299993421882,24.0942315148743,0.749113558357175,22.3299995008856,37.4299991633743,26.4892529860571,0.886177659092096
2014,"Feb",25.34499931,22.15499878,23.52664503,34.19113922,0.624488592,6.579705221,998.999939,119.5999069,496.4086702,22.1549995047972,29.3549993438646,23.9578590245678,0.857489732063058,22.0599995069206,39.7549991114065,26.2627874224615,0.853584343643052
2014,"Mar",25.3599987,22.40499878,23.67824786,14.08900356,1.327779293,4.537498331,872.3999023,165.3999023,361.7679095,22.4049994992092,29.9449993306771,24.0970820920796,0.838967435991866,22.4049994992092,39.5199991166592,26.4074526603166,0.77673225977917
2014,"Apr",25.07499886,21.58499908,23.61780585,17.37077904,0.704107106,5.078936676,935.3999023,129.9999084,363.03486,21.5849995175377,30.4449993195012,24.0328553950272,1.01095425162851,21.5849995175377,39.5249991165474,26.5889230851332,0.923450360501306
2014,"May",27.22999954,22.94499969,24.56480708,12.72622967,0.69306922,4.021794406,978.1998901,124.5999069,357.5956238,22.9449994871393,31.9449992859736,24.7728614565048,0.773055775716581,22.9449994871393,39.2649991223589,27.1301569811424,0.850251138109087
2014,"Jun",27.29999924,23.55500031,25.00054084,6.973794937,0.514762104,1.790941814,475.5999146,107.9999084,206.0182985,23.5549994735047,29.9299993310124,25.2223896389383,0.605785534369301,23.5549994735047,38.4849991397932,27.0688559355402,0.806222066459819
2014,"Jul",27.52999878,24.23999977,25.85315571,25.98421288,0.699510276,4.507924014,962.999939,122.9999084,322.3446853,24.2399994581938,31.889999287203,26.176727602824,0.71351026730891,24.2249994585291,39.2949991216883,27.520298981272,0.812588297980563
2014,"Aug",29.40999985,25.15499878,26.8655969,10.22571945,0.255388916,1.752510535,538.1998901,71.1999054,198.5609239,25.1549994377419,30.9199993088841,26.8366353061947,0.752655986148853,24.4049994545057,39.7299991119653,28.1883698299892,0.768425048281384
2014,"Sep",29.17000008,26.31999969,28.02061671,11.90806484,0.255586565,1.423428571,503.3999023,75.59990692,176.4093662,26.3199994117022,35.2049992131069,28.026887892685,0.790341133917415,25.2099994365126,38.6949991350994,28.6993998588287,0.653785670671556
2014,"Oct",29.53999901,26.84000015,28.0624994,9.732905388,0.241334677,1.531906472,899.1998901,71.39990234,202.6026852,26.8399994000793,30.5899993162602,28.1327198370749,0.509231316271364,26.7049994030967,37.8599991537631,29.2276313533675,0.593368189660401
2014,"Nov",29,25.29999924,27.31802407,6.112013817,0.232528046,1.912223659,617.999939,69.39990234,237.0026296,25.2999994345009,29.9349993309006,27.2905807853568,0.446405762828866,25.2999994345009,35.1099992152303,28.558919093841,0.487490913571655
2014,"Dec",28.03999901,25.25499916,26.30608634,11.3042326,0.603032768,2.502987096,942.1998901,116.7999039,284.5476199,25.2549994355068,34.2349992347881,26.5738781435691,0.698396374497911,25.2549994355068,37.6949991574511,27.9048529626861,0.546126200332756
2015,"Jan",26.39999962,23.62999916,25.05331237,27.33747673,0.922325432,4.160031979,991.5999146,168.3999023,395.6256252,23.6299994718283,29.1049993494526,25.3299745168874,0.56135445921982,22.524999496527,36.5899991821498,26.9991526379439,0.695369324954016
2015,"Feb",27.18000031,23.26499939,24.78574946,13.72766209,1.009643078,5.128333668,901.3999023,167.1999054,429.0312037,23.1549994824454,30.3749993210658,25.0451343474489,0.706542633701495,23.0399994850159,36.7249991791323,26.860435861352,0.736019577730244
2015,"Mar",26.89499855,23.19499969,24.73267242,8.836772919,0.369933128,2.568920291,549.5999146,89.59990692,246.2515637,23.1949994815513,33.154999258928,25.1033383933655,0.796076763261488,21.8749995110556,39.8199991099536,26.627217971731,0.743309376167421
2015,"Apr",38.90499878,23.22500038,24.81534983,19.31511688,0.775736392,4.065751522,703.7999268,134.5998993,335.3795965,23.2249994808808,38.9049991304055,24.7869401239348,1.07879489474343,21.9749995088205,39.5849991152063,26.6343008831428,0.828119161695957
2015,"May",26.74499893,23.18000031,24.21601247,12.32851505,0.961572886,2.560377001,528.3999023,154.9999084,254.2421102,22.5099994968623,29.9699993301183,24.3857064396048,0.845329734403094,22.5099994968623,36.8599991761148,26.6609374098929,0.937839161740636
2015,"Jun",27.17000008,23.63999939,24.79412854,6.711815357,0.447997779,2.479228711,610.5999146,101.9999084,275.2182767,23.3449994781986,29.7299993354827,24.8940217420315,0.777487225984372,23.2549994802102,38.7399991340935,27.1184878610078,0.897737622317049
2015,"Jul",27.18499947,23.66499901,24.90872553,75.81730652,1.032987833,8.378129779,945.5999146,175.5999146,425.0641967,23.664999471046,31.8999992869794,25.2422767467155,0.821494512794981,21.6099995169789,39.8099991101772,27.2760142317343,0.931789271454258
2015,"Aug",28.41499901,25.26999855,26.5787968,13.62993431,0.4172391,2.896577539,767.3999023,95.39990234,257.2218262,25.1799994371831,31.2099993024021,26.9333664013593,0.762776503449803,24.514999452047,39.1099991258234,28.1583348342422,0.837170199190062
2015,"Sep",29.68999863,26.26499939,28.10610702,12.5097332,0.243443787,2.335251786,869.3999023,71.79990387,270.5740095,26.254999413155,34.1149992374703,28.2070463493891,0.756609906325748,25.7599994242191,39.7899991106242,29.0844200479786,0.715524227943073
2015,"Oct",29.02999878,26.125,27.71586897,19.5168457,0.310703844,2.598258694,956.1998901,79.1999054,264.0446638,26.1249994160607,33.6299992483109,27.816226423334,0.61669215901345,25.839999422431,35.8549991985783,29.3361817237537,0.705139325315694
2015,"Nov",28.49499893,25.62999916,26.75301185,19.78413963,0.476590514,3.035741619,881.5999146,102.3999023,292.6854154,25.6299994271249,30.5499993171543,26.9549577308431,0.470325639391603,25.5599994286895,38.6549991359934,28.4376788833272,0.60111112166675
2015,"Dec",29.70499992,23.65499878,25.50104231,22.89049149,0.745859802,4.418885124,975.5999146,124.9999084,401.3999094,23.6549994712695,29.7049993360415,25.6348494270165,0.587846693424601,23.6549994712695,38.8449991317466,27.5525612236599,0.719616978765867
2016,"Jan",26.15499878,23.44499969,24.37721823,16.49964905,1.271416068,5.337274322,988.7999268,251.5999146,482.8758786,23.4449994759634,29.5449993396178,24.6926125134037,0.672450643843832,23.4449994759634,38.8199991323054,26.782421971814,0.776998536336121
2016,"Feb",26.09999847,22.93000031,24.06924467,22.97426796,1.561008096,7.001691439,992.3999023,228.1999054,580.5922185,21.9399995096028,30.9199993088841,24.3016744568152,0.88259815343322,21.9399995096028,38.8649991312996,26.5572731939388,0.782517015308299
2016,"Mar",37.88999939,23.53999901,25.40984026,9.090641975,0.609511316,2.879033931,916.5999146,117.39991,298.0978952,23.53999947384,37.8899991530925,25.3700163248278,1.01685546984523,23.53999947384,37.8899991530925,26.9248928452754,0.684261329903981
2016,"Apr",26.84999847,22.93000031,24.73633709,9.294561386,0.535773456,2.869763162,628.1998901,112.1999054,270.6984997,22.9299994874746,27.0599993951619,25.2210963750401,0.774443474122163,22.8649994889274,35.5649992050603,27.407238829515,0.718186007137117
2016,"May",28.6099987,24.375,26.30918777,8.312574387,0.331623286,2.431852218,582.1998901,89.39990234,265.3194481,24.3749994551763,28.6099993605167,26.412678590518,0.679154113929626,24.3749994551763,39.1949991239235,28.0831191816875,0.756971728829736
2016,"Jun",30.53499985,24.58499908,26.66756188,24.0402565,0.352858365,3.242218073,929.999939,84.59990692,322.1873109,24.5849994504824,30.7749993121251,26.5705195403308,0.551164970466146,24.5849994504824,36.4849991844967,27.9524405471166,0.714160749678629
2016,"Jul",28.26000023,26.05999947,26.96981535,24.02915573,0.280943811,2.74831762,777.3999023,80.79990387,295.5006394,26.0599994175136,31.8949992870912,27.2092160584933,0.613279209319044,25.1849994370714,38.3399991430342,28.1918764385576,0.737747077954242
2016,"Aug",30.37999916,25.81499863,27.42302401,10.71494007,0.291773558,2.172131261,722.5999146,73.79990387,247.2013072,25.8149994229898,32.7449992680922,27.6002506393677,0.58517357200779,25.3949994323775,35.6749992026016,28.8119456712219,0.821137207667598
2016,"Sep",30.57499886,26.70499992,28.51242274,12.64699745,0.25982213,1.734701953,663.1998901,66.39990234,200.0249079,26.7049994030967,33.1949992580339,28.561291028272,0.681341370129366,26.6749994037673,39.4899991173297,29.4508208884597,0.669102689575465
2016,"Oct",32.43999863,26.60499954,28.77472669,8.337647438,0.21414417,1.468373966,615.3999023,63.99990463,205.7012772,26.6049994053319,32.4399992749095,28.8262472758163,0.623490849482705,26.6049994053319,35.474999207072,29.5507256656689,0.527218766234238
2016,"Nov",30.62999916,27.21999931,29.39326151,7.187887192,0.287814021,1.663241921,640.5999146,71.99990845,234.7876634,27.2199993915856,31.2099993024021,29.4261141509273,0.594687163686199,27.2199993915856,35.3949992088601,29.1963813085284,0.52640561752424
2016,"Dec",33.36000061,25.84000015,27.4555416,12.63528156,0.329209894,2.592738733,924.3999023,92.59990692,338.3230885,25.384999432601,33.3599992543459,27.3232107713925,0.788660334288243,24.9249994428828,34.5349992280826,28.0670330514094,0.518556497573894
2017,"Jan",26.375,24.14499855,25.33396819,50.43121338,1.096156836,4.924371364,991.999939,204.7999115,451.5423566,23.9699994642287,29.6499993372709,25.6283662613322,0.53399363585241,23.4599994756281,38.2499991450459,26.998971372727,0.650713654518133
2017,"Feb",30.96999931,23.79999924,25.27182049,63.38084412,0.870473087,5.066196817,967.5999146,162.3999023,382.0473176,23.7999994680285,30.9699993077666,25.5010582535363,0.614015284209588,23.7349994694814,38.6499991361052,26.9183846338784,0.683689484424987
2017,"Mar",27.07999992,23.89999962,25.3828976,4.781348705,0.724045396,2.458652439,628.1998901,127.7999039,258.0866211,23.4749994752929,32.1049992823973,25.6365053491453,0.675211137982351,23.249999480322,37.8699991535395,26.9421653900923,0.663043967384245
2017,"Apr",27.75,23.76000023,25.4672495,15.68328953,0.864553452,4.484926056,965.5999146,167.3999023,377.4016806,23.7599994689226,31.6199992932379,25.384461617487,0.695559527030668,23.7599994689226,38.0199991501868,27.2509300123456,0.764117148354097
2017,"May",27.03499985,24.22999954,25.81319553,13.67680931,0.326653391,2.645892014,918.1998901,88.59990692,279.8999091,24.2299994584173,30.7899993117899,26.1251683349759,0.602691823429663,24.2299994584173,34.6099992264062,27.5889570409089,0.73754989911399
2017,"Jun",27.29999924,24.57499886,25.5654425,22.52293205,0.516684175,4.725074659,983.5999146,105.9999084,371.915224,24.3749994551763,30.0799993276596,25.9613147654192,0.813211545532192,24.3749994551763,39.2899991218001,27.7506389868372,0.762124111906732
2017,"Jul",28.37999916,24.94499969,26.69049618,10.27772045,0.303603053,2.377926014,862.5999146,79.39990234,288.9483929,24.6699994485825,30.274999323301,27.0818100259036,0.773127505883929,24.6699994485825,39.619999114424,28.2538604661442,0.742806519405616
2017,"Aug",29.9849987,25.63500023,27.54328258,11.17060471,0.349771798,2.093673923,816.7999268,88.99990845,270.1872338,25.6349994270131,31.9349992861971,27.8997845003581,0.74281264424553,25.6349994270131,34.564999227412,28.8951635439334,0.771926317259959
2017,"Sep",30.03499985,27.51000023,28.66369513,13.85781384,0.235909715,2.132937528,900.3999023,66.79990387,223.7484786,27.5099993851036,32.8499992657453,28.9144651300052,0.572064150079907,26.6999994032085,35.2999992109835,29.8030819671193,0.728696861435816
2017,"Oct",29.48999977,26.09999847,27.95592527,4.940173149,0.225402653,1.412171357,663.1998901,69.1999054,201.1245453,26.0999994166195,30.7849993119016,28.0717355995929,0.500727877588422,26.0999994166195,35.599999204278,29.10683495896,0.688628443504463
2017,"Nov",28.67499924,25.90499878,27.4224069,6.477288723,0.267342776,1.901873355,722.7999268,71.59990692,255.0526856,25.9049994209781,30.6749993143603,27.4730628249943,0.582930327510232,25.5999994277954,36.0799991935492,28.5329383429953,0.532584789495587
2017,"Dec",30.73999977,25.04999924,26.554254,24.89097404,0.268139452,2.622148329,961.1998901,69.39990234,323.3707705,25.0499994400889,31.2599993012846,26.8043537055118,0.647040637740278,25.0499994400889,36.0049991952255,27.9473181556609,0.526533461529441
2018,"Jan",28.57999992,23.44499969,25.36851793,11.9391222,0.663660407,4.259170685,996.1998901,123.39991,419.7020076,23.4449994759634,31.2299993019551,25.6135967872275,0.675983636407419,23.4449994759634,36.75999917835,27.1793419413164,0.597433023867843
2018,"Feb",25.71500015,23.45499992,24.3246221,10.41933537,0.984517574,3.555792782,922.999939,173.3999023,320.0396435,23.4549994757399,25.714999425225,24.595194035703,0.444667553229311,21.5449995184317,39.764999111183,26.5884191270816,0.758041386365468
2018,"Mar",26.47999954,22.44499969,24.0569151,19.30863571,0.641127288,4.842933966,985.999939,122.1999054,400.821969,22.4449994983152,31.289999300614,24.2284093223984,0.818822564964007,21.8999995104969,39.2699991222471,26.6217688257855,0.845530230795138
2018,"Apr",26.67000008,23.32499886,24.65056551,14.93494987,0.690796793,4.276521674,693.1998901,123.39991,306.0234384,23.3249994786456,31.4849992962554,24.8126969243846,0.683176482555917,23.3249994786456,39.5399991162121,26.9996122658331,0.824004002479917
2018,"May",27.97999954,23.32999992,24.70235623,11.68658352,0.935567141,3.271736098,677.999939,145.9999084,300.3357865,23.3299994785339,30.7999993115664,25.039594034916,0.835953242971198,23.3299994785339,38.7049991348758,27.0659087691172,0.821660672705159
2018,"Jun",26.54999924,23.36999893,24.57661339,16.03335953,0.292234331,4.275922051,659.1998901,94.59990692,358.7812433,23.1749994819984,30.4149993201718,24.9512938585388,0.846907100596375,23.1749994819984,38.5499991383404,26.9954845053017,0.901150249082759
2018,"Jul",27.53999901,23.88500023,24.97766178,15.6638422,0.323635846,4.743218812,893.5999146,87.39990234,368.6864472,23.5149994743988,30.0949993273243,25.5102456097676,0.893664747431292,23.5149994743988,38.0949991485104,27.1051410600115,0.808680040117934
2018,"Aug",28.33499908,24.06499863,26.76431186,15.59631729,0.338051349,2.978885589,878.1998901,82.59990692,265.3346309,24.0649994621053,31.1749993031844,26.9992191951781,0.675776180016947,23.2349994806573,39.7299991119653,28.0990836731367,0.853095717112584
2018,"Sep",29.8049984,26.84000015,28.19518348,21.99159622,0.299969971,1.838679814,951.1998901,78.1999054,189.8528486,26.8399994000793,32.0649992832914,28.3673089685902,0.478783520925892,26.1649994151667,35.039999216795,28.8765932740001,0.704753838709287
2018,"Oct",33.36999893,26.01000023,28.21055148,7.401449203,0.261530519,1.472607106,992.1998901,68.79990387,224.0125835,26.0099994186312,34.7399992235005,28.2343630052764,0.654759976275199,26.0099994186312,35.4899992067367,28.8474479518939,0.586590990893964
2018,"Nov",29.75,24.77999878,26.71878057,27.31175995,0.634926558,3.1425252,886.999939,128.5998993,308.2892718,24.7799994461238,30.0849993275478,26.944723478006,0.611799621080742,24.7799994461238,37.0199991725385,28.3076628554081,0.61512848942266
2018,"Dec",26.17499924,23.25,24.60550257,43.27847672,0.885472238,6.211626618,987.7999268,153.3999023,412.9469674,23.249999480322,28.9999993517995,24.9564700304147,0.655463347599462,23.249999480322,37.4749991623685,27.1518367226722,0.778097945494227
2019,"Jan",25.64499855,23.18999863,24.14393028,41.34753036,1.416449547,6.730772728,884.7999268,250.1999054,465.9815798,23.1899994816631,29.6199993379414,24.5365819431471,0.804084215423756,22.3899994995445,37.9349991520867,26.5720655233729,0.787171826942936
2019,"Feb",25.2349987,22.58499908,24.01490337,20.55870247,0.896573603,5.443481891,893.999939,136.9999084,427.7190297,22.5849994951859,29.9099993314594,24.4612558199716,0.855884692700175,22.5849994951859,39.2099991235882,26.4012044458583,0.765081940179679
2019,"Mar",25.25,21.78999901,23.69791092,11.18970299,0.550440967,4.076302974,975.7999268,119.1999054,372.5382573,21.7899995129555,31.289999300614,23.9941886528773,0.862662810989295,21.7899995129555,39.1549991248176,26.369102311695,0.870347683773534
2019,"Apr",25.94999886,22.43999863,24.0307092,18.32979584,0.953580081,3.626444358,957.3999023,148.1999054,322.7807919,22.4249994987622,32.2049992801622,24.2198223928775,0.957206161391063,22.4249994987622,39.3549991203472,26.7950941965858,0.850009665424322
2019,"May",26.4849987,23.25499916,25.01194029,18.03213501,0.529453456,4.640308265,980.999939,110.9999084,371.7118149,23.2549994802102,31.1749993031844,25.3587451669763,0.833292034828833,23.2549994802102,39.2649991223589,27.3398117853602,0.849900664865123
2019,"Jun",28.03499985,23.76000023,26.52019808,49.63822937,0.340795845,5.170473374,978.999939,85.79990387,356.1056799,23.7599994689226,28.0349993733689,26.6316114737026,0.47328394117698,23.7599994689226,38.9049991304055,27.8045682937605,0.715926086348115
2019,"Jul",27.64499855,24.30999947,26.19676223,17.35562515,0.469071656,4.10454115,979.7999268,101.5999069,363.7267755,24.3099994566292,32.1699992809445,26.5856339235313,0.732260052575543,24.0699994619936,39.599999114871,27.8282081004307,0.791505731418198
2019,"Aug",29.50499916,26.26999855,27.74203066,13.83804607,0.219445452,1.660109738,589.7999268,60.59990692,194.1792177,26.2699994128197,32.1049992823973,27.9776788404264,0.76252677886317,25.1649994375184,36.4649991849437,28.6415644594436,0.775132154115705
2019,"Sep",30.07499886,27.38999939,28.76543684,14.02916718,0.174651414,1.282593167,895.5999146,49.1999054,174.4665746,27.3899993877858,34.2099992353469,28.9938435730426,0.708636663859179,27.0799993947148,38.8199991323054,29.5296611724355,0.600008574346798
2019,"Oct",30.54500008,27.52999878,28.72430662,10.35881424,0.215692103,1.598482361,716.7999268,58.1999054,216.4361496,27.5299993846565,31.6749992920086,28.7364952254579,0.490591808348891,27.2199993915856,35.7349992012605,29.4468196874206,0.541096027972863
2019,"Nov",37.20000076,27.20999908,28.13805491,13.82960987,0.302404135,1.858723369,970.999939,75.59990692,230.0039351,26.5849994057789,37.1999991685152,28.2122789035162,0.659983983840586,26.5849994057789,37.1999991685152,29.0590529965548,0.52983619491637
2019,"Dec",28.35499954,24.57999992,26.38891235,29.48679924,0.67554456,4.903237107,996.1998901,135.7999115,421.1234405,24.5799994505942,30.6349993152544,26.4326538332242,0.509701323322735,24.5799994505942,39.3649991201237,28.2089712190089,0.634280936812954
2020,"Jan",26.89499855,24.94499969,25.66391241,24.36292076,1.022417784,4.069066214,986.999939,164.5999146,412.7257829,24.9449994424358,30.2599993236363,25.9056359368768,0.566446075990882,23.5649994732812,32.7449992680922,27.3695532743134,0.616754389699569
2020,"Feb",27.47999954,23.42499924,24.86371827,25.46461868,0.557502031,5.321761025,974.3999023,125.7999039,434.8963419,23.4249994764104,29.6799993366003,25.1922356178142,0.705440716690671,23.0599994845688,39.2399991229177,26.867422399408,0.757389816809458
2020,"Mar",27.36499977,23.55999947,24.92424948,8.325348854,0.790399373,2.950117404,706.1998901,131.3999023,285.5569559,23.559999473393,30.9299993086606,25.2274742683368,0.781098836422198,23.1399994827807,38.8249991321936,27.0783404489406,0.712267545121651
2020,"Apr",27.19999886,23.9849987,25.20589688,6.675256252,0.644692004,2.469459791,653.3999023,118.1999054,253.0073851,23.9849994638935,32.9849992627278,25.4507307236488,0.863267154802204,23.8799994662404,39.7749991109595,27.3461077837805,0.733271907305266
2020,"May",27.64999962,24.04500008,25.72936651,5.230025768,1.033854723,2.64571729,727.5999146,166.5999146,289.8991208,24.0449994625524,31.6599992923439,25.8990248448405,0.785816811814941,24.0449994625524,36.3449991876259,27.6441648642987,0.895350588955161
2020,"Jun",28.46999931,23.95999908,26.12627325,6.212386131,0.229297325,2.216491461,511.9999084,77.59990692,241.0655571,23.9599994644523,28.96999935247,26.527891898523,0.82320548628978,23.7349994694814,38.3449991429225,28.1746706938907,0.735889364796913
2020,"Jul",28.59999847,25.17499924,26.7023412,31.93679237,0.379540205,3.202278807,943.999939,94.1999054,331.3128875,24.554999451153,32.1949992803857,27.0756453679665,0.729114245822914,24.554999451153,38.5449991384521,28.5225193152053,0.730983945765247
2020,"Aug",32.11000061,27.11499977,28.59399312,4.469574451,0.240844145,1.299668043,390.7998962,63.59990692,180.6163453,27.1149993939325,32.3999992758036,28.6440465772936,0.527938813417176,25.6299994271249,35.6349992034957,28.8153012559162,0.715119246774921
2020,"Sep",32.05500031,28.10499954,29.5319318,4.086595058,0.210102886,1.185400114,426.9999084,61.59990692,166.0801791,28.1049993718043,33.464999251999,29.5557996694094,0.629595339170921,28.1049993718043,38.5449991384521,29.9147198666883,0.593313418261158
2020,"Oct",30.95999908,27.29500008,29.324969,4.542609692,0.204662561,1.024649186,519.7999268,57.39990616,167.8332413,27.2949993899092,31.5649992944673,29.1911569829948,0.590671102188412,27.2949993899092,36.2949991887435,29.7116359823961,0.613141964514491
2020,"Nov",30.13999939,27.22499847,28.28370305,8.245904922,0.212904096,2.059798561,917.3999023,51.1999054,258.1502444,27.1399993933737,32.3349992772564,28.1749662027446,0.556362236811335,26.9699993971735,34.7949992222711,28.6098815030311,0.632409029025724
2020,"Dec",28.31999969,26.34499931,27.02389512,10.33773708,0.420411795,2.371572036,813.7999268,98.99990845,302.8551716,26.3449994111434,30.0499993283302,27.0857172576922,0.391514376566,25.2099994365126,33.8049992443994,27.8736133666135,0.512157303726725
2021,"Jan",26.22499847,24.33499908,25.31339563,26.78640556,0.60870707,4.356635246,949.999939,188.5999146,462.4402074,24.3349994560704,29.1949993474409,25.6180938624669,0.459967851243327,23.0399994850159,37.6549991583452,27.0785907257157,0.659419140663822
2021,"Feb",25.18499947,22.74499893,24.00499947,18.21905518,1.12059927,4.10568136,875.3999023,179.1999054,347.3068549,22.7449994916096,30.8399993106723,24.3981350478795,0.778658660336399,22.2199995033443,38.0649991491809,26.5915191716287,0.839293463598754
2021,"Mar",26.01999855,23.11999893,24.2426447,13.08897877,0.468078345,3.24784752,942.3999023,102.7999039,292.3834896,22.9499994870275,29.9249993311241,24.4574229227217,0.601876200645378,22.9499994870275,39.4399991184473,26.4709253883486,0.772422280315893
2021,"Apr",26.82999992,22.72500038,24.56946967,40.88589096,0.853284061,4.168328289,841.1998901,138.1999054,305.7495281,22.7249994920567,31.3349992996082,24.7664292409477,0.807857015387379,22.3749994998798,38.9899991285056,26.8619392041288,0.886366737677429
2021,"May",27.92499924,24.20499992,25.3293825,30.78089905,0.243971616,3.99704352,943.5999146,71.99990845,284.1873109,24.139999460429,31.9599992856383,25.4543776252581,0.752648149898498,24.0799994617701,38.4899991396815,27.2782156401143,0.775960665637153
2021,"Jun",28.91499901,24.18499947,25.64453058,10.42375183,0.219136074,2.382940538,848.1998901,70.39990234,247.3363563,24.1849994594231,32.0849992828444,26.1420398878552,0.867013758049099,24.1849994594231,39.0099991280586,27.6630703250052,0.745370148753261
2021,"Jul",28.01499939,25.01499939,26.13098037,28.05516815,0.272157252,4.079051129,861.5999146,75.39990234,313.2302666,24.9849994415417,30.0849993275478,26.2243068462735,0.450273860435902,24.6349994493648,38.3749991422519,27.7082955442055,0.824820618497216
2021,"Aug",29.09000015,26.47999954,27.47899326,22.1285553,0.205881014,2.53602623,917.999939,64.99990845,292.2239714,26.4799994081259,31.579999294132,27.8780443020019,0.752426865329472,25.1449994379655,36.8699991758913,28.4540895252388,0.872714448077522
2021,"Sep",33.02999878,27.40499878,28.64465987,22.20188141,0.277791083,1.262122723,417.3999023,77.59990692,174.2844706,27.4049993874505,34.314999233,28.66471790234,0.642663522394966,27.144999393262,35.6449992032722,29.45454518295,0.752614349533925
2021,"Oct",30.39999962,26.96999931,28.30861053,7.699179173,0.234465525,1.398785099,638.7999268,67.1999054,203.4320761,26.1549994153902,33.5249992506579,28.3197243670048,0.669449562877452,26.1549994153902,35.8499991986901,29.252954796859,0.623013426732031
2021,"Nov",29.0549984,25.94499969,26.81639694,13.63854504,0.491814554,2.668295461,942.999939,106.7999039,340.9539646,25.9449994200841,30.979999307543,27.0737806970241,0.557995025251017,25.9449994200841,39.6349991140887,28.3923379564404,0.548361594469448
2021,"Dec",27.11999893,25.25,25.83914055,66.51912689,0.383921683,5.25335956,912.3999023,92.1999054,435.3420964,25.1199994385242,29.5799993388355,26.1378577491067,0.546167119560858,24.9849994415417,36.8799991756678,27.6549008110448,0.605042922558976
2022,"Jan",26.28999901,24.44499969,25.15512444,19.2069931,0.835659504,5.092385272,994.7999268,167.9999084,510.7162225,24.3949994547293,29.9799993298948,25.4856694471013,0.638394879396211,23.5899994727224,38.2249991456047,26.9765300942785,0.641095150939555
2022,"Feb",26.42000008,23.76499939,25.02030999,20.10242462,1.215939283,5.238804922,989.1998901,195.9999084,449.1768897,23.7649994688109,31.8399992883205,25.4085720531092,0.80216407485785,23.7649994688109,33.8449992435053,26.8611585315433,0.640012659247272
2022,"Mar",26.875,23.50499916,25.00400577,11.88692188,0.759177327,3.51300267,821.5999146,128.5998993,326.5540764,23.5049994746223,29.5399993397295,25.2508623797617,0.709868866629991,23.1299994830042,39.4699991177768,26.6890068237011,0.682625645776991
2022,"Apr",27.69499969,23.88500023,25.29670011,52.07694244,0.668934107,5.759027066,820.1998901,149.3999023,349.3485806,23.8849994661286,27.6949993809685,25.481218728696,0.713112702860617,23.6399994716048,35.1099992152303,27.2551701051978,0.79216789581184
2022,"May",28.1099987,24.50499916,25.8782905,23.23010254,0.364627004,2.91899341,755.3999023,85.59990692,320.1086054,24.3399994559586,31.6499992925674,25.9031043279579,0.664044765524406,24.3399994559586,37.0749991713092,27.3342771419539,0.785955194832742
2022,"Jun",27.93499947,25.13500023,26.16666603,69.5878067,0.589022934,6.987642601,952.3999023,114.39991,326.3694746,25.134999438189,31.8049992891029,26.2976694802285,0.594711787542652,24.4599994532764,39.474999117665,27.6600346162585,0.710960663935347
2022,"Jul",27.09999847,24.86499977,25.89853454,50.80981827,0.563004255,4.533260937,836.999939,110.39991,293.051818,24.4849994527176,30.9249993087724,26.1406980689085,0.655920852448733,24.2299994584173,38.914999130182,27.7495257455179,0.767563196113103
2022,"Aug",32.25500107,25.04500008,27.50107305,21.31664658,0.326881468,1.516293427,855.3999023,81.59990692,178.9635432,25.0449994402006,32.2549992790446,27.6982827142285,0.752084822640874,25.0449994402006,34.7599992230535,28.6437463108638,0.769566580006154
2022,"Sep",31.4299984,27.91499901,29.3121335,6.32829237,0.326840043,1.182823454,574.1998901,83.79990387,173.6348725,27.9149993760511,31.9849992850795,29.2383631338471,0.473106889239588,27.4249993870035,36.7099991794676,29.5168138431038,0.556355505919869
2022,"Oct",31.39499855,28.04999924,29.00113435,4.899758816,0.237688601,1.293842934,538.7999268,68.59990692,194.7012408,28.0499993730336,33.8449992435053,28.90835190739,0.610764065178693,27.0699993949383,35.3799992091954,29.2076343135742,0.486361620331662
2022,"Nov",30.22999954,26.68499947,28.14153316,6.216165066,0.232072562,1.858134283,605.3999023,71.99990845,252.3945023,26.6849994035438,35.3949992088601,28.2780562399741,0.673933460169174,26.4549994086847,35.3949992088601,28.3996729330109,0.50843744271246
2022,"Dec",29.78999901,25.61999893,26.69009081,21.8242569,0.309128821,3.207959331,928.1998901,77.79990387,344.9065754,25.6199994273484,30.5249993177131,26.818988428762,0.648337338488209,24.5499994512647,34.8149992218241,27.4719115702415,0.564480452589983
2023,"Jan",26.95499992,24.11999893,25.26909884,23.89986801,0.39558813,4.05524886,893.999939,123.7999039,357.0456251,24.119999460876,32.0799992829561,25.6647024761084,0.977536311522345,24.119999460876,35.6349992034957,26.898573504883,0.628406524836679
2023,"Feb",25.51499939,22.96500015,24.38934325,32.24327087,0.533077955,4.185358828,875.3999023,116.9999084,312.1835818,22.9649994866922,33.4699992518872,24.8906644682808,1.03870734786418,22.0599995069206,38.0049991505221,26.3241816993459,0.766738699729177
2023,"Mar",26.875,23.43499947,24.51216923,29.77955437,0.390769899,3.433055298,561.999939,93.99990845,251.0320244,23.4349994761869,31.3199992999434,25.0193805482651,1.2234791963433,21.9499995093793,39.5899991150945,26.5490588086888,0.797508493740135
2023,"Apr",28.63500023,23.3599987,24.91795536,10.71652985,0.277663767,3.014529293,466.7999268,78.39990234,233.9454967,23.3599994778633,38.2199991457164,25.3904099415113,1.44631817068416,23.2199994809926,39.6149991145357,27.12775134439,0.823198562131619
2023,"May",28.26000023,24.625,26.29251534,8.452917099,0.349548727,2.569548087,473.7999268,87.39990234,220.7262974,24.6249994495884,32.1099992822856,26.4196345670207,0.948424375770794,24.6249994495884,39.599999114871,27.9196736354957,0.862538080512323
2023,"Jun",29.56999969,26.10499954,27.49311262,13.90177441,0.139836654,2.04415847,488.5999146,47.1999054,193.6477331,26.0949994167313,33.8199992440641,27.6859799322236,1.0448428171289,26.0949994167313,38.584999137558,28.560767964123,0.855032198903487
2023,"Jul",29.48999977,25.72999954,27.24214223,11.51082897,0.231734097,1.977407549,892.7999268,65.1999054,196.6912119,25.7299994248897,32.9699992630631,27.5459498635333,0.966817818079891,25.7299994248897,39.8799991086125,28.524374458128,0.893989301614435
2023,"Aug",32.06499863,27.20499992,28.35129567,12.67413235,0.227964222,1.59625976,446.5999146,59.79990387,173.5318514,27.2049993919209,33.8199992440641,28.786668672943,0.986800965902649,26.2049994142726,39.6949991127476,29.5001609448328,0.903081285578858
2023,"Sep",30.34999847,27.43000031,28.84999936,11.18956566,0.172325417,1.38749012,396.1999207,51.59990692,142.4271174,27.4299993868917,35.2699992116541,29.0392148818263,1.05356078423355,27.0599993951619,37.7599991559982,29.9455060822532,0.788528123334976
2023,"Oct",30.78499985,28.09000015,29.44607955,5.976728916,0.135069042,1.162970353,391.5999146,40.1999054,150.2367488,28.0899993721396,35.2999992109835,29.7081926798687,0.894526803946069,28.0899993721396,38.2599991448224,30.3636543010039,0.657002482799192
2023,"Nov",30.4849987,27.01000023,28.48858368,17.55917931,0.322247237,2.099565137,941.7999268,84.79990387,289.5531571,27.0099993962795,34.4149992307648,28.5573384511757,0.779422306111468,26.3149994118139,36.3949991865084,29.2112392814366,0.625693797345968
2023,"Dec",30.82499886,26.18999863,26.91319216,47.55968475,0.489187151,2.477861214,670.999939,103.7999039,270.9717216,26.1899994146079,39.8799991086125,27.3331684031406,1.15550706728561,25.8099994231015,39.8799991086125,28.357471127022,0.693525966493556
